,data,open,high,low,close,volume,marketCap,circulatingSupply,mês,ano,var%
0,2025-01-01,93425.1021360494,109114.8848340883,89260.1001886086,102405.0270844454,1917584997242.0,2029428972448.0,19817771,1,2025,9.611897384194524
1,2024-12-01,96461.3368002386,108268.4470804361,91317.1354600511,93429.2028113992,2367571853073.0,1850183342119.0,19803921,12,2024,-3.1433671659751417
2,2024-11-01,70216.8969678825,99655.5010786335,66803.649995796,96449.0558127732,2214093389107.0,1908652965665.0,19789534,11,2024,37.35875548144687
3,2024-10-01,63335.603583719,73577.2096582116,58895.2078078197,70215.1856325839,1049276385591.0,1388607599014.0,19775975,10,2024,10.862108608108944
4,2024-09-01,58969.7994536059,66480.6947101072,52598.6996623841,63329.4981294766,935228464018.0,1251461875405.0,19761121,9,2024,7.393104124935457
5,2024-08-01,64625.8404447144,65593.244771184,49121.2373775943,58969.8983660431,1076531038326.0,1164522862133.0,19747784,8,2024,-8.751827503906584
6,2024-07-01,62673.6063386528,69987.5422080099,53717.3754334207,64619.2496492185,953395573304.0,1275323104043.0,19733950,7,2024,3.10440618344594
7,2024-06-01,67475.4311813476,71907.8489829092,58601.7000722967,62678.292079457,751726832520.0,1235944779945.0,19718865,6,2024,-7.109460462724215
8,2024-05-01,60609.4979456889,71946.462688481,56555.2940546252,67489.6117770498,874291509756.0,1329961627933.0,19706168,5,2024,11.351544006396574
9,2024-04-01,71333.4847168797,72715.3596085505,59120.0680465683,60636.8567800147,1016068331704.0,1193544962108.0,19692375,4,2024,-14.995240985800107
10,2024-03-01,61168.0624293716,73750.07385038,59323.9089421326,71333.6479258644,1446417844950.0,1403108244335.0,19669700,3,2024,16.6191065937892
11,2024-02-01,42569.7613984399,63913.1318135774,41879.1899911815,61198.382897303,830721862618.0,1202008882583.0,19641187,2,2024,43.760220604726726
12,2024-01-01,42280.2352761923,48969.3713995297,38521.8938882205,42582.6063895367,825918941348.0,835231465697.0,19614381,1,2024,0.7151594861503963
13,2023-12-01,37718.0096264496,44705.5150094178,37629.3589120492,42265.185654866,721704910476.0,827811209384.0,19586125,12,2023,12.055715753430718
14,2023-11-01,34657.275324496,38415.3381982376,34133.4396153842,37712.7477716325,570863267378.0,737560917365.0,19557337,11,2023,8.81625118688103
15,2023-10-01,26967.3974331494,35150.4334987547,26558.320783999,34667.7793605467,476425634860.0,677047621125.0,19529593,10,2023,28.55441258833411
16,2023-09-01,25934.0208061586,27488.7638021952,24930.2974941684,26967.9163010637,337637313742.0,525885640459.0,19500418,9,2023,3.9866378708988126
17,2023-08-01,29230.8724049903,30176.7962374838,25409.1116027686,25931.4728933574,437724169499.0,504957555550.0,19472768,8,2023,-11.287379541465981
18,2023-07-01,30471.8475630488,31814.5148120678,28934.2941602457,29230.110878649,382224489087.0,568365621732.0,19444525,7,2023,-4.075029194834812
19,2023-06-01,27218.4123755644,31389.5381281357,24797.1678486154,30477.2512822446,481734214225.0,591758288455.0,19416393,6,2023,11.972920616067428
20,2023-05-01,29227.1039819099,29820.1266220765,25878.428829536,27219.6586081109,443473015482.0,527773175252.0,19389412,5,2023,-6.868437512801484
21,2023-04-01,28473.3318011971,31005.6080444729,27070.8494995525,29268.8070431626,531060399718.0,566661285145.0,19360587,4,2023,2.7937553902001033
22,2023-03-01,23150.9299581785,29159.9026178662,19628.2543094205,28478.4846056804,883299703607.0,550593053896.0,19333650,3,2023,23.01227059615305
23,2023-02-01,23137.8351361505,25134.1173501961,21460.0885038644,23147.3533899085,723968574896.0,446846764116.0,19304443,2,2023,0.04113718375982067
24,2023-01-01,16547.9143978715,23919.8897614092,16521.233430529,23139.2839099123,690928920787.0,446082285297.0,19278137,1,2023,39.832025677439
25,2022-12-01,17168.0021376253,18318.530584361,16398.1362516753,16547.4953660162,567256839394.0,318516317872.0,19248612,12,2022,-3.614321379010088
26,2022-11-01,20494.8976229392,21446.8860966908,15599.0471753829,17168.5655484864,1224531549126.0,329997633644.0,19221037,11,2022,-16.23004972091081
27,2022-10-01,19431.1049459172,20988.3944704236,18319.8226296141,20495.7742320325,957903424925.0,393413045572.0,19194837,10,2022,5.47920094651646
28,2022-09-01,20050.4986698419,22673.8197662856,18290.315188225,19431.7894465994,1123272250383.0,372414733487.0,19165231,9,2022,-3.0857547905933536
29,2022-08-01,23336.7180518604,25135.5903960686,19600.7850348256,20049.7631893726,894192654541.0,383710102294.0,19137887,8,2022,-14.08490626309712
30,2022-07-01,19820.4704741998,24572.5794217469,18966.9506341661,23336.8956049843,927582363389.0,445941074223.0,19108843,7,2022,17.741380737464386
31,2022-06-01,31792.5538087129,31957.2843170438,17708.6237125896,19784.7264946249,923939211678.0,377526215552.0,19081700,6,2022,-37.76930719795525
32,2022-05-01,37713.265089741,39902.9502136511,26350.4901742248,31792.3099432754,1089422059065.0,605797887876.0,19054856,5,2022,-15.699927153950544
33,2022-04-01,45554.1638120546,47313.4768544721,37697.9427790922,37714.875545299,830115888651.0,717596901508.0,19026893,4,2022,-17.20871949071131
34,2022-03-01,43194.5042113042,48086.8367491568,37260.2017138385,45538.6769223388,830943838434.0,865202119215.0,18999281,3,2022,5.4270161304944775
35,2022-02-01,38481.7653685119,45661.1731433747,34459.2177282867,43193.2340330233,671335993322.0,819414782676.0,18970906,2,2022,12.243379739450845
36,2022-01-01,46311.744663041,47881.4062331606,33184.0595656615,38483.126309273,923979037677.0,729073641687.0,18945281,1,2022,-16.904174979215615
37,2021-12-01,56907.9667338266,59041.6852434855,42874.6168583905,46306.4461226996,957047184721.0,875939356678.0,18916143,12,2021,-18.629238083154643
38,2021-11-01,61320.4494915952,68789.6259389221,53569.7639630968,57005.4254735998,1053270271384.0,1076689232562.0,18887487,11,2021,-7.036843424617811
39,2021-10-01,43816.7406442989,66930.3872709899,43320.0229785376,61318.957766606,1153077903531.0,1156485845063.0,18860168,10,2021,39.944132915747474
40,2021-09-01,47099.77486941,52853.7637963,39787.6097979604,43790.8956254849,1102139678824.0,824619217607.0,18830837,9,2021,-7.025254904294931
41,2021-08-01,41460.84408133,50482.07640834,37458.00399335,47166.68794545,1065642012587.0,886869903602.0,18802887,8,2021,13.762006033758901
42,2021-07-01,35035.98271227,42235.54770874,29360.95583827,41626.19567624,877979009506.0,781431379811.0,18772587,7,2021,18.809841921922256
43,2021-06-01,37293.79237447,41295.26857449,28893.62165844,35040.83724889,1189647451706.0,656852513237.0,18745343,6,2021,-6.041099556081342
44,2021-05-01,57714.66485835,59519.35442559,30681.49691178,37332.85368874,1976593438571.0,698990486184.0,18723200,5,2021,-35.31478735886867
45,2021-04-01,58926.56414734,64863.0989077,47159.48584083,57750.17734563,1844481772415.0,1079669884319.0,18695525,4,2021,-1.9963607563620478
46,2021-03-01,45159.50305253,61683.86401412,45115.09311478,58918.83271375,1681184264685.0,1100016786762.0,18670037,3,2021,30.46829289776507
47,2021-02-01,33114.57724298,58330.57214185,32384.22810648,45137.77046805,2267152936673.0,841428977514.0,18641350,2,2021,36.307856618096544
48,2021-01-01,28994.00891641,41946.73935079,28722.75527058,33114.35774753,2153473433573.0,616452744533.0,18615875,1,2021,14.211035262488192
49,2020-12-01,19633.77044727,29244.87668786,17619.53238938,29001.71982218,1212259707945.0,539051138107.0,18586868,12,2020,47.71345065925723
50,2020-11-01,13780.99480514,19749.26369425,13243.159866,19625.83502949,1140873393626.0,364229729425.0,18558687,11,2020,42.412324414852876
51,2020-10-01,10795.25474253,14028.21429317,10416.68920469,13780.99470249,1050874546084.0,255372071116.0,18530743,10,2020,27.657892575680478
52,2020-09-01,10802.03547482,12059.87014159,9901.90575533,10784.49157795,1174781695423.0,199556965503.0,18504068,9,2020,-0.16241287959936068
53,2020-08-01,11382.78588591,13149.69444935,104.61895563,10804.94121976,554052349456.0,199630473235.0,18476243,8,2020,-5.076478394144934
54,2020-07-01,9145.98505502,11415.8638958,8977.01563525,11323.4664207,23160469766.0,208895308529.0,18448000,7,2020,23.808057334237986
55,2020-06-01,9463.6056622,10199.5649719,8975.52585473,9137.99340026,15735797743.0,168315606321.0,18419318,6,2020,-3.440678675365516
56,2020-05-01,8672.7819143,9996.74335304,8374.32297508,9461.05891806,27773290298.0,173997151929.0,18390875,5,2020,9.089090577272096
57,2020-04-01,6437.31921486,9440.65067326,6202.37351173,8658.55417975,66964629541.0,158922133909.0,18354350,4,2020,34.50558983874015
58,2020-03-01,8599.7583441,9167.69579623,4106.98075029,6438.64476637,32786468812.0,117814077266.0,18297962,3,2020,-25.129933787182136
59,2020-02-01,9346.35762761,10457.6271997,8492.93215312,8599.50861972,35792392544.0,156895988083.0,18244762,2,2020,-7.990802809468134
60,2020-01-01,7194.89197053,9553.12613251,6914.99590793,9350.52936518,29432489719.0,170112778161.0,18192850,1,2020,29.96066380814899
61,2019-12-01,7571.61619421,7743.43172474,6540.04927709,7193.59897843,21167946112.0,130446112598.0,18133637,12,2019,-4.992556491031186
62,2019-11-01,9193.99198943,9505.05167619,6617.1670508,7569.63012202,17158194786.0,136829391048.0,18076100,11,2019,-17.66764501510846
63,2019-10-01,8299.72110496,10021.743983,7446.98855091,9199.58483269,26583653946.0,165804227834.0,18023012,10,2019,10.842095973468702
64,2019-09-01,9630.59319616,10898.7621803,7830.75876126,8293.86774062,17115474183.0,149011567415.0,17966475,9,2019,-13.879990861549329
65,2019-08-01,10077.442592,12273.8213783,9421.63015965,9630.66384768,11454806419.0,172470743516.0,17908500,8,2019,-4.433453629144724
66,2019-07-01,10796.9306183,13129.5289339,9163.13464449,10085.6277491,16631520647.0,180028959602.0,17850050,7,2019,-6.588010003457789
67,2019-06-01,8573.83972489,13796.4890807,7564.48860353,10817.1555981,27256473494.0,192442065810.0,17790450,6,2019,26.164658370013804
68,2019-05-01,5350.91450555,9008.31456846,5347.6461061,8574.50164907,25365190957.0,152059886413.0,17733962,5,2019,60.24366751097361
69,2019-04-01,4105.36242087,5642.04459312,4096.90125463,5350.72669668,13878964573.0,94573826827.0,17674950,4,2019,30.33506297712163
70,2019-03-01,3853.75713203,4296.8066502,3733.74966077,4105.40429618,9045122442.0,72339379035.0,17620525,3,2019,6.529917572087429
71,2019-02-01,3460.54712403,4210.64175454,3391.02375248,3854.78528208,8399767798.0,67704774107.0,17563825,2,2019,11.39236496195688
72,2019-01-01,3746.71338747,4109.02106516,3400.81972619,3457.79274724,5831198270.0,60553903927.0,17512300,1,2019,-7.7113088285916565
73,2018-12-01,4024.46424203,4309.37731216,3191.30356157,3742.70033544,4661840806.0,65331499157.0,17455712,12,2018,-7.001277428368313
74,2018-11-01,6318.14,6552.16,3585.06,4017.26845712,6048016716.0,69904637061.0,17401037,11,2018,-36.416912934502875
75,2018-10-01,6619.85,6965.06,6236.47,6317.61,4191240000.0,109627117226.0,17352625,10,2018,-4.565662363950851
76,2018-09-01,7044.81,7388.43,6197.52,6625.56,4002280000.0,114608519470.0,17297937,9,2018,-5.951189599151718
77,2018-08-01,7769.04,7769.04,5971.05,7037.58,4495650000.0,121346613238.0,17242662,8,2018,-9.41506286490995
78,2018-07-01,6411.6801757813,8424.26953125,6136.419921875,7780.44,5287530000.0,133688476220.0,17182637,7,2018,21.347911728175184
79,2018-06-01,7500.7001953125,7754.8901367188,5826.41015625,6404.0,4543860224.0,109665618200.0,17124550,6,2018,-14.621304235008271
80,2018-05-01,9251.4697265625,9964.5,7090.6801757813,7494.169921875,5127130112.0,127902999390.0,17067000,5,2018,-18.994817651967256
81,2018-04-01,7003.0600585938,9745.3203125,6526.8701171875,9240.5498046875,8673920000.0,157163847314.0,17008062,4,2018,31.950172172919842
82,2018-03-01,10385.0,11704.099609375,6683.9301757813,6973.5297851563,4553269760.0,118204645927.0,16950475,3,2018,-32.84997799560616
83,2018-02-01,10237.2998046875,11958.5,6048.259765625,10397.900390625,6936189952.0,175644310997.0,16892287,2,2018,1.5687787698076772
84,2018-01-01,14112.2001953125,17712.400390625,9402.2900390625,10221.099609375,8041160192.0,172099559942.0,16837675,1,2018,-27.572600530638493
85,2017-12-01,10198.599609375,20089.0,9694.650390625,14156.400390625,12136299520.0,237465823980.0,16774450,12,2017,38.80729642147944
86,2017-11-01,6440.9702148438,11517.400390625,5519.009765625,10233.599609375,8310689792.0,171020085600.0,16711625,11,2017,58.882889813567864
87,2017-10-01,4341.0498046875,6470.4301757813,4164.0498046875,6468.3999023438,2311379968.0,107743731291.0,16656937,10,2017,49.005429409245
88,2017-09-01,4701.759765625,4975.0400390625,2946.6201171875,4338.7099609375,1207449984.0,72008428789.0,16596737,9,2017,-7.721572831980716
89,2017-08-01,2871.3000488281,4736.0498046875,2668.5900878906,4703.3901367188,1944930048.0,77775374624.0,16536025,8,2017,63.80698835840768
90,2017-07-01,2492.6000976563,2916.1398925781,1843.0300292969,2875.3400878906,860574976.0,47388334773.0,16480950,7,2017,15.355049957439082
91,2017-06-01,2288.330078125,2999.9099121094,2212.9599609375,2480.8400878906,860273024.0,40735082695.0,16419875,6,2017,8.412685372878448
92,2017-05-01,1348.3000488281,2763.7099609375,1348.3000488281,2286.4099121094,1544829952.0,37414813240.0,16364000,5,2017,69.57723276036928
93,2017-04-01,1071.7099609375,1347.9100341797,1061.0899658203,1347.8900146484,413115008.0,21975104908.0,16303337,4,2017,25.770037022825278
94,2017-03-01,1180.0400390625,1280.3100585938,903.7130126953,1071.7900390625,447287008.0,17414322807.0,16247887,3,2017,-9.173417546577555
95,2017-02-01,970.9409790039,1200.3900146484,946.6909790039,1179.9699707031,184956000.0,19103684800.0,16189975,2,2017,21.52849619280106
96,2017-01-01,963.6580200195,1191.0999755859,755.7559814453,970.4030151367,164582000.0,15659186515.0,16136787,1,2017,0.6999365933843871
97,2016-12-01,746.0460205078,979.3969726563,746.0460205078,963.742980957,99135104.0,15492554222.0,16075400,12,2016,29.180098072371386
98,2016-11-01,701.3369750977,756.2369995117,678.1560058594,745.6909790039,84070800.0,11943536630.0,16016737,11,2016,6.324207261426817
99,2016-10-01,609.9290161133,720.4019775391,609.4790039063,700.9719848633,97064400.0,11181852070.0,15951924,10,2016,14.92681383321628
100,2016-09-01,575.5460205078,628.8179931641,570.8109741211,609.7349853516,56122400.0,9693198750.0,15897396,9,2016,5.9402660474718205
101,2016-08-01,624.6019897461,626.1190185547,531.333984375,575.4719848633,75840896.0,9117106216.0,15842832,8,2016,-7.86580985801395
102,2016-07-01,672.5150146484,704.9680175781,611.833984375,624.6810302734,110818000.0,9861866432.0,15787044,7,2016,-7.11270132756936
103,2016-06-01,531.1069946289,777.9899902344,525.6359863281,673.3369750977,138980000.0,10583527799.0,15718025,6,2016,26.779910998570134
104,2016-05-01,448.4840087891,553.9600219727,437.3890075684,531.3859863281,138450000.0,8293035755.0,15606425,5,2016,18.484935006452965
105,2016-04-01,416.7600097656,467.9649963379,415.8309936523,448.3179931641,69322600.0,6944860514.0,15490925,4,2016,7.572219660962509
106,2016-03-01,437.9169921875,439.6530151367,394.0350036621,416.7290039063,60215200.0,6409062819.0,15379450,3,2016,-4.838357190791099
107,2016-02-01,369.3500061035,448.0459899902,367.9570007324,437.6969909668,60694700.0,6681444705.0,15265000,2,2016,18.50466596287199
108,2016-01-01,430.7210083008,462.9339904785,354.9140014648,368.766998291,37894300.0,5587253351.0,15151175,1,2016,-14.383791088855723
109,2015-12-01,377.4140014648,469.1029968262,349.4649963379,430.566986084,45996600.0,6471217490.0,15029525,12,2015,14.083469191101905
110,2015-11-01,315.0050048828,495.5620117188,300.9970092773,377.3210144043,71701600.0,5623195996.0,14902950,11,2015,19.782545850242972
111,2015-10-01,236.0039978027,334.1690063477,235.6159973145,314.1659851074,48598100.0,4645486246.0,14786725,10,2015,33.118925116702314
112,2015-09-01,230.2559967041,259.1820068359,225.1170043945,236.0599975586,19743500.0,3463625759.0,14672650,9,2015,2.5206730498136265
113,2015-08-01,284.6860046387,285.7149963379,199.5670013428,230.0559997559,20710700.0,3349845416.0,14561000,8,2015,-19.1895646405702
114,2015-07-01,263.3450012207,314.3940124512,253.5050048828,284.6499938965,23629100.0,4112089481.0,14446125,7,2015,8.090145086120337
115,2015-06-01,230.233001709,267.8670043945,221.296005249,263.0719909668,44533800.0,3770229521.0,14331550,6,2015,14.263371894575915
116,2015-05-01,235.9389953613,247.8040008545,228.5729980469,230.1900024414,14730800.0,3273756425.0,14221975,5,2015,-2.4366438074792995
117,2015-04-01,244.2230072021,261.7980041504,214.8739929199,236.1450042725,33818600.0,3332094504.0,14110375,4,2015,-3.3076338802573546
118,2015-03-01,254.2830047607,300.0440063477,236.5149993896,244.2239990234,22672000.0,3420112896.0,14004000,3,2015,-3.9558309241965683
119,2015-02-01,216.8670043945,265.6109924316,212.0149993896,254.2630004883,13949300.0,3531776635.0,13890250,2,2015,17.243746321950137
120,2015-01-01,320.4349975586,320.4349975586,171.5099945068,217.4640045166,23348200.0,2997692310.0,13784775,1,2015,-32.13475239176052
121,2014-12-01,378.2489929199,384.0379943848,304.2319946289,320.1929931641,13942900.0,4377510594.0,13671475,12,2014,-15.348619782867267
122,2014-11-01,338.6499938965,457.0929870605,320.6260070801,378.0469970703,9194440.0,5125958175.0,13559050,11,2014,11.633546104784731
123,2014-10-01,387.4270019531,411.6979980469,289.2959899902,338.3210144043,12545400.0,4549893052.0,13448450,10,2014,-12.674900639667985
124,2014-09-01,477.7869873047,493.9280090332,372.2399902344,386.9440002441,34707300.0,5158621324.0,13331700,9,2014,-19.01328195919797
125,2014-08-01,586.2020263672,598.116027832,443.8510131836,477.7630004883,44632300.0,6312801959.0,13213250,8,2014,-18.49857574715602
126,2014-07-01,641.3909912109,657.8579711914,564.5109863281,586.2349853516,22467900.0,7670841007.0,13084925,7,2014,-8.599435697587431
127,2014-06-01,623.6929931641,674.1110229492,549.8209838867,639.7969970703,46422400.0,8296103744.0,12966775,6,2014,2.582040215732051
128,2014-05-01,447.6329956055,624.7150268555,423.2510070801,623.6770019531,15107100.0,8007248675.0,12838775,5,2014,39.327754673104565
129,2014-04-01,457.0,542.3779907227,351.2720031738,447.6449890137,15244900.0,5690810164.0,12712775,4,2014,-2.0470483558643338
130,2014-03-01,549.9199829102,702.9099731445,443.3649902344,457.0010070801,28254000.0,5752294437.0,12587050,3,2014,-16.896817485767446
131,2014-02-01,828.6099853516,853.5200195313,420.4100036621,549.2600097656,28076100.0,6843353923.0,12459225,2,2014,-33.713083419754454
132,2014-01-01,754.9699707031,1017.1199951172,754.9699707031,829.9199829102,17107900.0,10238411820.0,12336625,1,2014,9.927548792079687
133,2013-12-01,1128.9200439453,1156.1199951172,420.5100097656,754.0100097656,20897300.0,9191325349.0,12189925,12,2013,-33.2096180053178
134,2013-11-01,203.8999938965,1156.1400146484,201.6499938965,1129.4300537109,0.0,13620389320.0,12059525,11,2013,453.91372610055134
135,2013-10-01,132.6799926758,217.4199981689,102.25,204.0,0.0,2433658800.0,11929700,10,2013,53.753400106426376
136,2013-09-01,135.1399993896,146.5,118.4599990845,133.0,0.0,1566038425.0,11774725,9,2013,-1.5835425479250764
137,2013-08-01,106.2129974365,140.8899993896,101.2109985352,135.3500061035,0.0,1574672051.0,11634075,8,2013,27.43262064929455
138,2013-07-01,97.5100021362,111.34400177,65.5260009766,106.0899963379,0.0,1218777833.0,11488150,7,2013,8.799091389328083
139,2013-06-01,128.8150024414,129.7799987793,88.5,96.6139984131,0.0,1096957771.0,11354025,6,2013,-24.997867808874773
140,2013-05-01,139.0,139.8899993896,79.0999984741,129.0,0.0,1447870200.0,11223800,5,2013,-7.194244604316546
141,2013-04-01,135.3000030518,147.4880065918,132.1000061035,139.0,0.0,1542813125.0,11099375,4,2013,2.7346613930107955
